{
  "dataset_name": "cleveland_test",
  "basic_stats": {
    "n_samples": 89,
    "n_features": 18,
    "target_name": "heart_disease",
    "target_prevalence": 0.4606741573033708
  },
  "sensitive_attr_distribution": {
    "age_group": {
      "counts": {
        "50-59": 38,
        "40-49": 22,
        "60-69": 22,
        "<40": 6,
        "70+": 1
      },
      "proportions": {
        "50-59": 0.42696629213483145,
        "40-49": 0.24719101123595505,
        "60-69": 0.24719101123595505,
        "<40": 0.06741573033707865,
        "70+": 0.011235955056179775
      }
    },
    "sex": {
      "counts": {
        "Male": 60,
        "Female": 29
      },
      "proportions": {
        "Male": 0.6741573033707865,
        "Female": 0.3258426966292135
      }
    }
  },
  "target_distribution": {
    "counts": {
      "0": 48,
      "1": 41
    },
    "proportions": {
      "0": 0.5393258426966292,
      "1": 0.4606741573033708
    },
    "imbalance_ratio": 1.170731707317073
  },
  "group_statistics": {
    "age_group": {
      "50-59": {
        "n_samples": 38,
        "proportion_of_total": 0.42696629213483145,
        "target_prevalence": 0.5263157894736842,
        "target_counts": {
          "1": 20,
          "0": 18
        }
      },
      "40-49": {
        "n_samples": 22,
        "proportion_of_total": 0.24719101123595505,
        "target_prevalence": 0.2727272727272727,
        "target_counts": {
          "0": 16,
          "1": 6
        }
      },
      "<40": {
        "n_samples": 6,
        "proportion_of_total": 0.06741573033707865,
        "target_prevalence": 0.3333333333333333,
        "target_counts": {
          "0": 4,
          "1": 2
        }
      },
      "60-69": {
        "n_samples": 22,
        "proportion_of_total": 0.24719101123595505,
        "target_prevalence": 0.5909090909090909,
        "target_counts": {
          "1": 13,
          "0": 9
        }
      },
      "70+": {
        "n_samples": 1,
        "proportion_of_total": 0.011235955056179775,
        "target_prevalence": 0.0,
        "target_counts": {
          "0": 1
        }
      }
    },
    "sex": {
      "Male": {
        "n_samples": 60,
        "proportion_of_total": 0.6741573033707865,
        "target_prevalence": 0.55,
        "target_counts": {
          "1": 33,
          "0": 27
        }
      },
      "Female": {
        "n_samples": 29,
        "proportion_of_total": 0.3258426966292135,
        "target_prevalence": 0.27586206896551724,
        "target_counts": {
          "0": 21,
          "1": 8
        }
      }
    }
  },
  "representation_balance": {
    "age_group": {
      "coefficient_of_variation": 0.8260528663241709,
      "min_group_size": 1,
      "max_group_size": 38,
      "size_ratio": 38.0
    },
    "sex": {
      "coefficient_of_variation": 0.4925912408265837,
      "min_group_size": 29,
      "max_group_size": 60,
      "size_ratio": 2.0689655172413794
    }
  },
  "label_imbalance_by_group": {
    "age_group": {
      "positive_rates": {
        "40-49": 0.2727272727272727,
        "50-59": 0.5263157894736842,
        "60-69": 0.5909090909090909,
        "70+": 0.0,
        "<40": 0.3333333333333333
      },
      "statistical_parity_difference": {
        "max_difference": 0.5909090909090909,
        "max_ratio": null
      }
    },
    "sex": {
      "positive_rates": {
        "Female": 0.27586206896551724,
        "Male": 0.55
      },
      "statistical_parity_difference": {
        "max_difference": 0.2741379310344828,
        "max_ratio": 1.9937500000000001
      }
    }
  },
  "missing_value_analysis": {
    "total_missing": 0,
    "columns_with_missing": {},
    "missing_by_group": {}
  }
}