{
  "dataset_name": "kaggle_heart",
  "basic_stats": {
    "n_samples": 918,
    "n_features": 18,
    "target_name": "heart_disease",
    "target_prevalence": 0.5533769063180828
  },
  "sensitive_attr_distribution": {
    "age_group": {
      "counts": {
        "50-59": 381,
        "40-49": 223,
        "60-69": 197,
        "<40": 93,
        "70+": 24
      },
      "proportions": {
        "50-59": 0.4150326797385621,
        "40-49": 0.2429193899782135,
        "60-69": 0.21459694989106753,
        "<40": 0.10130718954248366,
        "70+": 0.026143790849673203
      }
    },
    "sex": {
      "counts": {
        "Male": 725,
        "Female": 193
      },
      "proportions": {
        "Male": 0.789760348583878,
        "Female": 0.210239651416122
      }
    }
  },
  "target_distribution": {
    "counts": {
      "1": 508,
      "0": 410
    },
    "proportions": {
      "1": 0.5533769063180828,
      "0": 0.4466230936819172
    },
    "imbalance_ratio": 1.2390243902439024
  },
  "group_statistics": {
    "age_group": {
      "<40": {
        "n_samples": 93,
        "proportion_of_total": 0.10130718954248366,
        "target_prevalence": 0.34408602150537637,
        "target_counts": {
          "0": 61,
          "1": 32
        }
      },
      "40-49": {
        "n_samples": 223,
        "proportion_of_total": 0.2429193899782135,
        "target_prevalence": 0.4170403587443946,
        "target_counts": {
          "0": 130,
          "1": 93
        }
      },
      "50-59": {
        "n_samples": 381,
        "proportion_of_total": 0.4150326797385621,
        "target_prevalence": 0.5826771653543307,
        "target_counts": {
          "1": 222,
          "0": 159
        }
      },
      "60-69": {
        "n_samples": 197,
        "proportion_of_total": 0.21459694989106753,
        "target_prevalence": 0.7360406091370558,
        "target_counts": {
          "1": 145,
          "0": 52
        }
      },
      "70+": {
        "n_samples": 24,
        "proportion_of_total": 0.026143790849673203,
        "target_prevalence": 0.6666666666666666,
        "target_counts": {
          "1": 16,
          "0": 8
        }
      }
    },
    "sex": {
      "Male": {
        "n_samples": 725,
        "proportion_of_total": 0.789760348583878,
        "target_prevalence": 0.6317241379310344,
        "target_counts": {
          "1": 458,
          "0": 267
        }
      },
      "Female": {
        "n_samples": 193,
        "proportion_of_total": 0.210239651416122,
        "target_prevalence": 0.25906735751295334,
        "target_counts": {
          "0": 143,
          "1": 50
        }
      }
    }
  },
  "representation_balance": {
    "age_group": {
      "coefficient_of_variation": 0.7427165115047966,
      "min_group_size": 24,
      "max_group_size": 381,
      "size_ratio": 15.875
    },
    "sex": {
      "coefficient_of_variation": 0.8195660296105519,
      "min_group_size": 193,
      "max_group_size": 725,
      "size_ratio": 3.756476683937824
    }
  },
  "label_imbalance_by_group": {
    "age_group": {
      "positive_rates": {
        "40-49": 0.4170403587443946,
        "50-59": 0.5826771653543307,
        "60-69": 0.7360406091370558,
        "70+": 0.6666666666666666,
        "<40": 0.34408602150537637
      },
      "statistical_parity_difference": {
        "max_difference": 0.39195458763167945,
        "max_ratio": 2.139118020304568
      }
    },
    "sex": {
      "positive_rates": {
        "Female": 0.25906735751295334,
        "Male": 0.6317241379310344
      },
      "statistical_parity_difference": {
        "max_difference": 0.3726567804180811,
        "max_ratio": 2.4384551724137933
      }
    }
  },
  "missing_value_analysis": {
    "total_missing": 0,
    "columns_with_missing": {},
    "missing_by_group": {}
  }
}