{
  "dataset_name": "kaggle_heart_train",
  "basic_stats": {
    "n_samples": 641,
    "n_features": 17,
    "target_name": "heart_disease",
    "target_prevalence": 0.5538221528861155
  },
  "sensitive_attr_distribution": {
    "age_group": {
      "counts": {
        "50-59": 266,
        "40-49": 156,
        "60-69": 139,
        "<40": 65,
        "70+": 15
      },
      "proportions": {
        "50-59": 0.41497659906396256,
        "40-49": 0.24336973478939158,
        "60-69": 0.21684867394695787,
        "<40": 0.10140405616224649,
        "70+": 0.0234009360374415
      }
    },
    "sex": {
      "counts": {
        "Male": 506,
        "Female": 135
      },
      "proportions": {
        "Male": 0.7893915756630265,
        "Female": 0.21060842433697347
      }
    }
  },
  "target_distribution": {
    "counts": {
      "1": 355,
      "0": 286
    },
    "proportions": {
      "1": 0.5538221528861155,
      "0": 0.44617784711388453
    },
    "imbalance_ratio": 1.2412587412587412
  },
  "group_statistics": {
    "age_group": {
      "<40": {
        "n_samples": 65,
        "proportion_of_total": 0.10140405616224649,
        "target_prevalence": 0.35384615384615387,
        "target_counts": {
          "0": 42,
          "1": 23
        }
      },
      "60-69": {
        "n_samples": 139,
        "proportion_of_total": 0.21684867394695787,
        "target_prevalence": 0.7338129496402878,
        "target_counts": {
          "1": 102,
          "0": 37
        }
      },
      "50-59": {
        "n_samples": 266,
        "proportion_of_total": 0.41497659906396256,
        "target_prevalence": 0.5827067669172933,
        "target_counts": {
          "1": 155,
          "0": 111
        }
      },
      "40-49": {
        "n_samples": 156,
        "proportion_of_total": 0.24336973478939158,
        "target_prevalence": 0.4166666666666667,
        "target_counts": {
          "0": 91,
          "1": 65
        }
      },
      "70+": {
        "n_samples": 15,
        "proportion_of_total": 0.0234009360374415,
        "target_prevalence": 0.6666666666666666,
        "target_counts": {
          "1": 10,
          "0": 5
        }
      }
    },
    "sex": {
      "Male": {
        "n_samples": 506,
        "proportion_of_total": 0.7893915756630265,
        "target_prevalence": 0.6324110671936759,
        "target_counts": {
          "1": 320,
          "0": 186
        }
      },
      "Female": {
        "n_samples": 135,
        "proportion_of_total": 0.21060842433697347,
        "target_prevalence": 0.25925925925925924,
        "target_counts": {
          "0": 100,
          "1": 35
        }
      }
    }
  },
  "representation_balance": {
    "age_group": {
      "coefficient_of_variation": 0.747028025697037,
      "min_group_size": 15,
      "max_group_size": 266,
      "size_ratio": 17.733333333333334
    },
    "sex": {
      "coefficient_of_variation": 0.8185229822783436,
      "min_group_size": 135,
      "max_group_size": 506,
      "size_ratio": 3.748148148148148
    }
  },
  "label_imbalance_by_group": {
    "age_group": {
      "positive_rates": {
        "40-49": 0.4166666666666667,
        "50-59": 0.5827067669172933,
        "60-69": 0.7338129496402878,
        "70+": 0.6666666666666666,
        "<40": 0.35384615384615387
      },
      "statistical_parity_difference": {
        "max_difference": 0.3799667957941339,
        "max_ratio": 2.0738192055051607
      }
    },
    "sex": {
      "positive_rates": {
        "Female": 0.25925925925925924,
        "Male": 0.6324110671936759
      },
      "statistical_parity_difference": {
        "max_difference": 0.37315180793441666,
        "max_ratio": 2.4392998306041784
      }
    }
  },
  "missing_value_analysis": {
    "total_missing": 0,
    "columns_with_missing": {},
    "missing_by_group": {}
  }
}