{
  "dataset_name": "kaggle_heart_test",
  "basic_stats": {
    "n_samples": 276,
    "n_features": 17,
    "target_name": "heart_disease",
    "target_prevalence": 0.5507246376811594
  },
  "sensitive_attr_distribution": {
    "age_group": {
      "counts": {
        "50-59": 115,
        "40-49": 67,
        "60-69": 58,
        "<40": 28,
        "70+": 8
      },
      "proportions": {
        "50-59": 0.4166666666666667,
        "40-49": 0.2427536231884058,
        "60-69": 0.21014492753623187,
        "<40": 0.10144927536231885,
        "70+": 0.028985507246376812
      }
    },
    "sex": {
      "counts": {
        "Male": 219,
        "Female": 57
      },
      "proportions": {
        "Male": 0.7934782608695652,
        "Female": 0.20652173913043478
      }
    }
  },
  "target_distribution": {
    "counts": {
      "1": 152,
      "0": 124
    },
    "proportions": {
      "1": 0.5507246376811594,
      "0": 0.4492753623188406
    },
    "imbalance_ratio": 1.2258064516129032
  },
  "group_statistics": {
    "age_group": {
      "50-59": {
        "n_samples": 115,
        "proportion_of_total": 0.4166666666666667,
        "target_prevalence": 0.5826086956521739,
        "target_counts": {
          "1": 67,
          "0": 48
        }
      },
      "60-69": {
        "n_samples": 58,
        "proportion_of_total": 0.21014492753623187,
        "target_prevalence": 0.7413793103448276,
        "target_counts": {
          "1": 43,
          "0": 15
        }
      },
      "40-49": {
        "n_samples": 67,
        "proportion_of_total": 0.2427536231884058,
        "target_prevalence": 0.417910447761194,
        "target_counts": {
          "0": 39,
          "1": 28
        }
      },
      "70+": {
        "n_samples": 8,
        "proportion_of_total": 0.028985507246376812,
        "target_prevalence": 0.625,
        "target_counts": {
          "1": 5,
          "0": 3
        }
      },
      "<40": {
        "n_samples": 28,
        "proportion_of_total": 0.10144927536231885,
        "target_prevalence": 0.32142857142857145,
        "target_counts": {
          "0": 19,
          "1": 9
        }
      }
    },
    "sex": {
      "Male": {
        "n_samples": 219,
        "proportion_of_total": 0.7934782608695652,
        "target_prevalence": 0.6301369863013698,
        "target_counts": {
          "1": 138,
          "0": 81
        }
      },
      "Female": {
        "n_samples": 57,
        "proportion_of_total": 0.20652173913043478,
        "target_prevalence": 0.24561403508771928,
        "target_counts": {
          "0": 43,
          "1": 14
        }
      }
    }
  },
  "representation_balance": {
    "age_group": {
      "coefficient_of_variation": 0.7409176672937718,
      "min_group_size": 8,
      "max_group_size": 115,
      "size_ratio": 14.375
    },
    "sex": {
      "coefficient_of_variation": 0.8300818735668166,
      "min_group_size": 57,
      "max_group_size": 219,
      "size_ratio": 3.8421052631578947
    }
  },
  "label_imbalance_by_group": {
    "age_group": {
      "positive_rates": {
        "40-49": 0.417910447761194,
        "50-59": 0.5826086956521739,
        "60-69": 0.7413793103448276,
        "70+": 0.625,
        "<40": 0.32142857142857145
      },
      "statistical_parity_difference": {
        "max_difference": 0.41995073891625617,
        "max_ratio": 2.3065134099616857
      }
    },
    "sex": {
      "positive_rates": {
        "Female": 0.24561403508771928,
        "Male": 0.6301369863013698
      },
      "statistical_parity_difference": {
        "max_difference": 0.38452295121365054,
        "max_ratio": 2.5655577299412915
      }
    }
  },
  "missing_value_analysis": {
    "total_missing": 0,
    "columns_with_missing": {},
    "missing_by_group": {}
  }
}